"Dealer","Industry","State"
"A. Daigger & Company, Inc. 620 Lakeview Parkway Vernon Hills, IL 60061USA","Dealer Type: Lab + Industrial Supply Phone: 847-816-5060 Fax: 847-816-5051 Website: www.daigger.com","Illinois"
"A.D.S., Inc. 2600 William Penn Hwy EastonPA 18045USA","Dealer Type: Lab Supply Phone: 610-252-1464 Fax: 610-252-2822 Email Address:lhoch@americandentalsupply.net","Pennsylvania"
"Abatix 8201 Eastpoint Drive Suite 500 Dallas, TX 75227USA","Dealer Type: Lab + Industrial Supply Phone: 214-381-1146 Fax: 214-381-9513","Texas"
"Ace Surgical Supply Co., Inc. 1034 Pearl StreetP.O. Box 1710 Brockton, MA 02303USA","Dealer Type: Industrial Supply Phone: 508-588-3100 Fax: 800-583-3150 Email Address:sheldonepstein@acesurgical.com Website: www.acesurgical.com","Massachusetts"
"Airgas259  Radnor-Chester RdRadnor, PA 19007USA","Dealer Type: Lab + Industrial Supply Phone: 866-935-3370https://www.airgas.comhttps://www.airgas.com/store-finder","Pennsylvania"
"Airgasmultiple locations in CaliforniaUSA","Dealer Type: Lab + Industrial SupplyPhone: 866-935-3370https://www.airgas.com/store-finder","California"
"AirgasMultiple locations in GeorgiaUSA","Dealer Type: Lab + Industrial SupplyPhone: 866-935-3370https://www.airgas.com/store-finder","Georgia"
"AirgasMultiple locations in Pennsylvania","Dealer Type: Lab + Industrial SupplyPhone: 866-935-3370https://www.airgas.com/store-finder","Pennsylvania"
"AirgasMultiple locations in TexasUSA","Dealer Type: Lab + Industrial SupplyPhone: 866-935-3370https://www.airgas.com/store-finder","Texas"
"AirgasMultiple locations in WisconsinUSA","Dealer Type: Lab + Industrial SupplyPhone: 866-935-3370https://www.airgas.com/store-finder","Wisconsin"
"Ajax Environmental & SafetySup2537 South Gessner Suite 238Houston, TX 77063USA","Dealer Type: Lab + Industrial Supply Phone: 713-789-4149 Fax: 713-789-0844 Email Address: judd@ajaxrentals.com","Texas"
"Aldrich Chemical Co, Inc P.O. Box 2988 Milwaukee, WI 53201USA","Dealer Type: Lab + Industrial Supply Phone: 414-298-7900 Fax: 414-273-4979","Wisconsin"
"All World Scientific 5515 186th Place SW Lynnwood, WA 98037USA","Dealer Type: Lab Supply Phone: 425-672-4228 Fax: 425-776-1530","Washington"
"American Cleanstat 1552 S. Anaheim Blvd. Bldg# c Anaheim, CA92805USA","Dealer Type: Environmental Supply Phone: 714-533-2827 Fax: 714-533-9457 Email Address: mpc@americancleanstat.com","California"
"Andwin Scientific 6636 Variel AvenueWarner Center, CA91303USA","Dealer Type: Lab + Industrial Supply Phone: 847-701-2848 Email: directsales@andwinsci.com","California"
"Animal Reproduction Systems, Inc.13661 Benson Ave.Chino, CA 91710USA","Dealer Type: VeterinaryPhone: 909-364-1311Email Address: sales@arssales.comWeb Address: www.arssales.com","California"
"Aqua Bailers, Inc.3017 Horseshoe Bend Ln.Knoxville, TN 37931USA","Dealer Type: Environmental Supply Phone: 800-345-6620 Fax: 888-232-0709 Email Address: service@aquabailers.com Website: www.aquabailers.com","Tennessee"
"Aramsco 101 Industrial Blvd. Winter Haven, FL 33881USA","Dealer Type: Lab + Industrial Supply Phone: 863-965-7143 Fax: 863-965-7193 Email Address: sales@aramsco.com Website: www.aramsco.com","Florida"
"Aramsco 1201 Gateway Drive Elgin, IL 60123USA","Dealer Type: Lab + Industrial Supply Phone: 847-741-2220 Fax: 847-741-1218 Email Address: sales@aramsco.com Website: www.aramsco.com","Illinois"
"Aramsco 1655 Imperial Way P.O. Box 29 Thorofare, NJ 08086USA","Dealer Type: Lab + Industrial Supply Phone: 856-848-5330 Fax: 856-848-0802 Email Address: sales@aramsco.com Website: www.aramsco.com","New Jersey"
"Aramsco 2 Toelles Road Unit 12-13 Wallingford, CT 06492USA","Dealer Type: Lab + Industrial Supply Phone: 203-294-0414 Fax: 203-294-1002 Email Address: sales@aramsco.com Website: www.aramsco.com","Connecticut"
"Aramsco 2508 Fairway Park Drive Houston, TX 77092USA","Dealer Type: Lab + Industrial Supply Phone: 713-460-4142 Fax: 713-263-7021 Email Address: sales@aramsco.com Website: www.aramsco.com","Texas"
"Aramsco 50 Northwestern Drive Salem, NH 77092USA","Dealer Type: Lab + Industrial Supply Phone: 603-890-6400 Fax: 603-898-3512 Email Address: sales@aramsco.com Website: www.aramsco.com","New Hampshire"
"Aramsco 5145 Norwood Suite D Dallas, TX 75247USA","Dealer Type: Lab + Industrial Supply Phone: 214-689-2110 Fax: 214-689-2117 Email Address: sales@aramsco.com Website: www.aramsco.com","Texas"
"Aramsco 52-37 Second Street Long Island City, NY 11101USA","Dealer Type: Lab + Industrial Supply Phone: 718-361-7540 Fax: 718-361-7383 Email Address: sales@aramsco.com Website: www.aramsco.com","New York"
"Aramsco 7817 West Morris Street Indianapolis, IN 46231USA","Dealer Type: Lab + Industrial Supply Phone: 888-443-6449 Fax: 800-359-6472 Email Address: sales@aramsco.com Website: www.aramsco.com","Indiana"
"Aramsco 3210 East Roeser Road Suite 7 Phoenix, AZ 85040USA","Dealer Type: Lab + Industrial Supply Phone: 602-268-5700 Fax: 602-268-8900 Email Address: sales@aramsco.com Website: www.aramsco.com","Arizona"
"Aramsco 1951 Parco Avenue Suite E Ontario, CA 91761USA","Dealer Type: Lab + Industrial Supply Phone: 909-673-0340 Fax: 909-673-0374 Email Address: sales@aramsco.com Website: www.aramsco.com","California"
"Aramsco Palla Fox Industrial Park 3820 Liggett Street Pensacola, FL 32506USA","Dealer Type: Lab + Industrial Supply Phone: 850-439-0953 Fax: 850-439-0957 Email Address: sales@aramsco.com Website: www.aramsco.com","Florida"
"Atlantic Drilling Supply, Inc. 6462 125th Avenue North Largo, FL 33773USA","Dealer Type: Lab + Environmental Supply Phone: 800-752-9416 Fax: 813-531-5673","Florida"
"B. A. P. Manufacturing Inc.601 Stone Street Fremont, OH 43420USA","Dealer Type: Healthcare Supply Phone: 419-332-5041 Fax: 419-332-7277 Email Address: wsbrown@bapman.com Website: www.bapman.com","Georgia"
"BC Scientific P.O. BOX 014299 Miami, FL 33127USA","Dealer Type: Lab + Industrial Supply Phone: 305 324 0808 Fax: 305-324-8858 Email Address: sgallowhur@bcscientific.com Website: www.bcscientific.com","Kentucky"
"Brand-Nu Laboratory, Inc.P.O. Box 895 Meriden, CT 06450USA","Dealer Type: Lab Supply Phone: 203-235-7989 Fax: 203-235-7163","Connecticut"
"Breeder's Choice 2982 Rock Hill Road Aubrey, TX 76227USA","Dealer Type: Veterinary Supply Phone: 940-365-2231 Fax: 940-365-2570","Texas"
"Burrell Scientific, LLC300 Parkway View Drive PittsburghPA 15205USA","Dealer Type: Lab Supply Phone: 412-747-2111 Fax: 412-747-4927 Email Address: sales@burrellsci.com Website: http://burrellsci.com/","Pennsylvania"
"Capitol Scientific, Inc. 2500 Routland Drive Austin, TX 78758USA","Dealer Type: Lab Supply Phone: 512-836-1167 Fax: 512-836-1338 Email Address:Kellyhawks@Capitolscientific.com Website: www.capitolscientific.com","Texas"
"Cardinal Health P.O. Box 95300 Albuquerque, NM 87199USA","Dealer Type: Healthcare Supply Phone: 505-761-6900","New Mexico"
"Cardinal Health Allegiance Healthcare Corporation 3080 West Interstate 20 Grand Praire, TX 75052USA","Dealer Type: Healthcare Supply Phone: 972-206-2600 Website: www.allegiance.net/","Texas"
"Carolina Biological Supply P.O. Box 6005 Burlington, NC 27216USA","Dealer Type: Lab Supply Phone: 336-584-0381 Fax: 336-584-3399 Email Address: carolina@carolina.com Website: www.carolina.com","North Carolina"
"Cintas Cleanroom Resources 151 15541 Mosher AvenueTustin, CA92780USA","Dealer Type: Lab + Industrial Supply Phone: 949-459-9200Email Address: BecerraM@cintas.com","California"
"Cintas-Eastwater Scientific 23161 Antonio ParkwayRancho Santa Margarita, CA92688USA","Dealer Type: Lab + Industrial Supply Phone: 949-459-9200 Fax: 949-459-9579 Website: www.cintas-corp.com/clean","California"
"Clarkson Lab and Supply, Inc. 350 Trousdale Drive Chula vista, CA 91910USA","Dealer Type: Lab Supply Phone: 619-425-1932 Fax: 619-425-7917 Website: www.clarksonlab.com","California"
"Coastal Network600 Plantation Ct. Charlottesville, VA 22903USA","Dealer Type: Industrial Supply Phone: 434-978-1204 Email Address: coanetinc@aol.com Website: www.nuclearsupply.com","Virginia"
"Cole-Parmer Instrument co. 625 East Bunker Court Vernon Hills, IL 60061USA","Dealer Type: Lab Supply Phone: 800 323 4340 Fax: 1-847-247-2929Web:  www.coleparmer.com/alconox","Illinois"
"Colonial Scientific  8438 Glazebrook Avenue Richmond, VA 23228USA","Dealer Type: Lab + Industrial Supply Phone: 800-553-0272 Fax: 804-553-0272 Email Address: bob@colonialscientific.com Website: www.colonialscientific.com","Virginia"
"Cynmar Corporation 21709 Route 4 North P.O. Box 530 Carlinville, IL 62626USA","Dealer Type: Lab Supply Phone: 217-854-3517 Fax: 800-754-5154 Email Address: cynmar@cynmar.com Website: www.cynmar.com","Illinois"
"D A C Vision  3930 Miller Park Drive Garland, TX 75041USA","Dealer Type: Lab Supply Phone: 972-543-2500 Fax: 972-543-2502 Website: www.dacvision.com","Texas"
"Drillers Services, Inc. 1792 Highland Avenue NE P.O. Box 1407 Hickory, NC 28603USA","Dealer Type: Lab + Environmental Supply Phone: 828-322-1100 Fax: 828-322-7674","North Carolina"
"Economic Packaging & Cleanroom Supplies48201 Fremont Blvd.Fremont, CA 94538USA","Dealer Type: Biomedical, Electronics, Entertainment, Food Processing, Industrial, Manufacturing, TechnologyPhone: 510-456-2600Website: https://www.economic.com/","California"
"Economic Packaging & Cleanroom SuppliesLocal Reps, Mainland StockHIUSA","Dealer Type: Biomedical, Electronics, Entertainment, Food Processing, Industrial, Manufacturing, TechnologyPhone: 510-456-2600Website: https://www.economic.com/","Hawaii"
"Economic Packaging & Cleanroom SuppliesLocal Reps, Regional Stock ARUSA","Dealer Type: Biomedical, Electronics, Entertainment, Food Processing, Industrial, Manufacturing, TechnologyPhone: 510-456-2600Website: https://www.economic.com/","Arkansas"
"Economic Packaging & Cleanroom SuppliesLocal Reps, Regional Stock AZUSA","Dealer Type: Biomedical, Electronics, Entertainment, Food Processing, Industrial, Manufacturing, TechnologyPhone: 510-456-2600Website: https://www.economic.com/","Arizona"
"Economic Packaging & Cleanroom SuppliesLocal Reps, Regional Stock COUSA","Dealer Type: Biomedical, Electronics, Entertainment, Food Processing, Industrial, Manufacturing, TechnologyPhone: 510-456-2600Website: https://www.economic.com/","Colorado"
"Economic Packaging & Cleanroom SuppliesLocal Reps, Regional Stock IAUSA","Dealer Type: Biomedical, Electronics, Entertainment, Food Processing, Industrial, Manufacturing, TechnologyPhone: 510-456-2600Website: https://www.economic.com/","Iowa"
"Economic Packaging & Cleanroom SuppliesLocal Reps, Regional Stock IDUSA","Dealer Type: Biomedical, Electronics, Entertainment, Food Processing, Industrial, Manufacturing, TechnologyPhone: 510-456-2600Website: https://www.economic.com/","Idaho"
"Economic Packaging & Cleanroom SuppliesLocal Reps, Regional Stock KSUSA","Dealer Type: Biomedical, Electronics, Entertainment, Food Processing, Industrial, Manufacturing, TechnologyPhone: 510-456-2600Website: https://www.economic.com/","Kansas"
"Economic Packaging & Cleanroom SuppliesLocal Reps, Regional Stock LAUSA","Dealer Type: Biomedical, Electronics, Entertainment, Food Processing, Industrial, Manufacturing, TechnologyPhone: 510-456-2600Website: https://www.economic.com/","Louisiana"
"Economic Packaging & Cleanroom SuppliesLocal Reps, Regional Stock MNUSA","Dealer Type: Biomedical, Electronics, Entertainment, Food Processing, Industrial, Manufacturing, TechnologyPhone: 510-456-2600Website: https://www.economic.com/","Minnesota"
"Economic Packaging & Cleanroom SuppliesLocal Reps, Regional Stock MOUSA","Dealer Type: Biomedical, Electronics, Entertainment, Food Processing, Industrial, Manufacturing, TechnologyPhone: 510-456-2600Website: https://www.economic.com/","Missouri"
"Economic Packaging & Cleanroom SuppliesLocal Reps, Regional Stock MTUSA","Dealer Type: Biomedical, Electronics, Entertainment, Food Processing, Industrial, Manufacturing, TechnologyPhone: 510-456-2600Website: https://www.economic.com/","Montana"
"Economic Packaging & Cleanroom SuppliesLocal Reps, Regional Stock NBUSA","Dealer Type: Biomedical, Electronics, Entertainment, Food Processing, Industrial, Manufacturing, TechnologyPhone: 510-456-2600Website: https://www.economic.com/","Nebraska"
"Economic Packaging & Cleanroom SuppliesLocal Reps, Regional Stock NDFremont, CA 94538USA","Dealer Type:  Biomedical, Electronics, Entertainment, Food Processing, Industrial, Manufacturing, TechnologyPhone: 510-456-2600Website: https://www.economic.com/","North Dakota"
"Economic Packaging & Cleanroom SuppliesLocal Reps, Regional Stock NMUSA","Dealer Type: Biomedical, Electronics, Entertainment, Food Processing, Industrial, Manufacturing, TechnologyPhone: 510-456-2600Website: https://www.economic.com/","New Mexico"
"Economic Packaging & Cleanroom SuppliesLocal Reps, Regional Stock NVUSA","Dealer Type: Biomedical, Electronics, Entertainment, Food Processing, Industrial, Manufacturing, TechnologyPhone: 510-456-2600Website: https://www.economic.com/","Nevada"
"Economic Packaging & Cleanroom SuppliesLocal Reps, Regional Stock OKUSA","Dealer Type: Biomedical, Electronics, Entertainment, Food Processing, Industrial, Manufacturing, TechnologyPhone: 510-456-2600Website: https://www.economic.com/","Oklahoma"
"Economic Packaging & Cleanroom SuppliesLocal Reps, Regional Stock ORUSA","Dealer Type: Biomedical, Electronics, Entertainment, Food Processing, Industrial, Manufacturing, TechnologyPhone: 510-456-2600Website: https://www.economic.com/","Oregon"
"Economic Packaging & Cleanroom SuppliesLocal Reps, Regional Stock SDUSA","Dealer Type: Biomedical, Electronics, Entertainment, Food Processing, Industrial, Manufacturing, TechnologyPhone: 510-456-2600Website: https://www.economic.com/","South Dakota"
"Economic Packaging & Cleanroom SuppliesLocal Reps, Regional Stock UTUSA","Dealer Type: Biomedical, Electronics, Entertainment, Food Processing, Industrial, Manufacturing, TechnologyPhone: 510-456-2600Website: https://www.economic.com/","Utah"
"Economic Packaging & Cleanroom SuppliesLocal Reps, Regional Stock WAUSA","Dealer Type: Biomedical, Electronics, Entertainment, Food Processing, Industrial, Manufacturing, TechnologyPhone: 510-456-2600Website: https://www.economic.com/","Washington"
"Economic Packaging & Cleanroom SuppliesLocal Reps, Regional Stock WYUSA","Dealer Type: Biomedical, Electronics, Entertainment, Food Processing, Industrial, Manufacturing, TechnologyPhone: 510-456-2600Website: https://www.economic.com/","Wyoming"
"Economic Packaging & Cleanroom SuppliesLocal Reps, Regional StockTX USA","Dealer Type: Biomedical, Electronics, Entertainment, Food Processing, Industrial, Manufacturing, TechnologyPhone: 510-456-2600Website: https://www.economic.com/","Texas"
"ECT Manufacturing, Inc 222 GRAFFAM Avenue Trenton, NJ 08610USA","Dealer Type: Industrial Supply Phone: 609-631-8939 Fax: 609-631-0993 Email Address: ectmfg@aol.com Website: www.ectmfg.com","New Jersey"
"Electron Microscopy Sciences  1560 Industry Road HatfieldPA 19440USA","Dealer Type: Lab Supply Phone: 215-412-8400 Fax: 215-412-8450 Email Address: sgkcck@aol.com Website: www.emsdiasum.com","Pennsylvania"
"Enviro-Equipment, Inc. 11180 Downs Road Pineville, NC 28134USA","Dealer Type: Environmental Supply Phone: 704-588-7970 Fax: 704-588-5119 Website: www.enviro-equipment.com","North Carolina"
"Environmental MFG. Inc. 8887 Green Valley Drive Manhattan, KS 66502USA","Dealer Type: Lab Supply Phone: 785-587-0807 Fax: 785-539-1349","Kansas"
"Environmental Service Products, LLC 17224 Red Hill Avenue Irvine, CA 92614USA","Dealer Type: Environmental Supply Phone: 949-833-9006 Fax: 949-833-9007 Website: www.shop-esp.com","California"
"EON Products, Inc P.O. Box 443 Snellville, GA 30078USA","Dealer Type: Lab + Environmental Supply Phone: 770-978-9971 Fax: 770-978-9971 Website: www.eonpro.com","Georgia"
"EP-Environmental Associates 5398 Black AvenuePleasanton, CA94566USA","Dealer Type: Lab Supply Phone: 925-426-5053 Fax: 925-426-5078 Website: www.epenvironmental.com","California"
"Ever Ready First Aid & Medical Supply Corp. 101-01 Foster Avenue Brooklyn, NY 11236USA","Dealer Type: Medical Supply Phone: 718-387-5700 Fax: 718-387-9310","New York"
"FarrWest Environmental Supply, Inc.108 Commercial PlaceSchertz, TX 78154 USA","Dealer Type: Lab SupplyPhone: 210-566-1857Email: sales@farrwestenv.comWebsite: www.farrwestenv.com","Texas"
"Fisher Scientific Local Reps, Regional Stock  ARUSA","Dealer Type: Lab + Industrial Supply Phone: 800-766-7037 Website: www.fishersci.com","Arkansas"
"Fisher Scientific Local Reps, Regional Stock  CAUSA","Dealer Type: Lab + Industrial Supply Phone: 800-766-7039 Website: www.fishersci.com","California"
"Fisher Scientific Local Reps, Regional Stock  COUSA","Dealer Type: Lab + Industrial Supply Phone: 800-766-7040 Website: www.fishersci.com","Colorado"
"Fisher Scientific Local Reps, Regional Stock  CTUSA","Dealer Type: Lab + Industrial Supply Phone: 800-766-7029 Website: www.fishersci.com","Connecticut"
"Fisher Scientific Local Reps, Regional Stock  DCUSA","Dealer Type: Lab + Industrial Supply Phone: 800-766-7034 Website: www.fishersci.com","Washington DC"
"Fisher Scientific Local Reps, Regional Stock  DEUSA","Dealer Type: Lab + Industrial Supply Phone: 800-766-7051 Website: www.fishersci.com","Delaware"
"Fisher Scientific Local Reps, Regional Stock  FLUSA","Dealer Type: Lab + Industrial Supply Phone: 800-766-7052 Website: www.fishersci.com","Florida"
"Fisher Scientific Local Reps, Regional Stock  GAUSA","Dealer Type: Lab + Industrial Supply Phone: 800-766-7008 Website: www.fishersci.com","Georgia"
"Fisher Scientific Local Reps, Regional Stock  HIUSA","Dealer Type: Lab + Industrial Supply Phone: 800-766-7003 Website: www.fishersci.com","Hawaii"
"Fisher Scientific Local Reps, Regional Stock  IAUSA","Dealer Type: Lab + Industrial Supply Phone: 800-766-7005 Website: www.fishersci.com","Iowa"
"Fisher Scientific Local Reps, Regional Stock  IDUSA","Dealer Type: Lab + Industrial Supply Phone: 800-766-7004 Website: www.fishersci.com","Idaho"
"Fisher Scientific Local Reps, Regional Stock  ILUSA","Dealer Type: Lab + Industrial Supply Phone: 800-766-7002 Website: www.fishersci.com","Illinois"
"Fisher Scientific Local Reps, Regional Stock  INUSA","Dealer Type: Lab + Industrial Supply Phone: 800-766-7049 Website: www.fishersci.com","Indiana"
"Fisher Scientific Local Reps, Regional Stock  KSUSA","Dealer Type: Lab + Industrial Supply Phone: 800-766-7000 Website: www.fishersci.com","Kansas"
"Fisher Scientific Local Reps, Regional Stock  KYUSA","Dealer Type: Lab + Industrial Supply Phone: 800-766-7017 Website: www.fishersci.com","Kentucky"
"Fisher Scientific Local Reps, Regional Stock  LAUSA","Dealer Type: Lab + Industrial Supply Phone: 800-766-7015 Website: www.fishersci.com","Louisiana"
"Fisher Scientific Local Reps, Regional Stock  MAUSA","Dealer Type: Lab + Industrial Supply Phone: 800-766-7006 Website: www.fishersci.com","Massachusetts"
"Fisher Scientific Local Reps, Regional Stock  MDUSA","Dealer Type: Lab + Industrial Supply Phone: 800-766-7014 Website: www.fishersci.com","Maryland"
"Fisher Scientific Local Reps, Regional Stock  MEUSA","Dealer Type: Lab + Industrial Supply Phone: 800-766-7013 Website: www.fishersci.com","Maine"
"Fisher Scientific Local Reps, Regional Stock  MIUSA","Dealer Type: Lab + Industrial Supply Phone: 800-766-7016 Website: www.fishersci.com","Michigan"
"Fisher Scientific Local Reps, Regional Stock  MNUSA","Dealer Type: Lab + Industrial Supply Phone: 800-766-7011 Website: www.fishersci.com","Minnesota"
"Fisher Scientific Local Reps, Regional Stock  MOUSA","Dealer Type: Lab + Industrial Supply Phone: 800-766-7009 Website: www.fishersci.com","Missouri"
"Fisher Scientific Local Reps, Regional Stock  MSUSA","Dealer Type: Lab + Industrial Supply Phone: 800-766-7010 Website: www.fishersci.com","Mississippi"
"Fisher Scientific Local Reps, Regional Stock  MTUSA","Dealer Type: Lab + Industrial Supply Phone: 800-766-7012 Website: www.fishersci.com","Montana"
"Fisher Scientific Local Reps, Regional Stock  NCUSA","Dealer Type: Lab + Industrial Supply Phone: 800-766-7027 Website: www.fishersci.com","North Carolina"
"Fisher Scientific Local Reps, Regional Stock  NDUSA","Dealer Type: Lab + Industrial Supply Phone: 800-766-7042 Website: www.fishersci.com","North Dakota"
"Fisher Scientific Local Reps, Regional Stock  NEUSA","Dealer Type: Lab + Industrial Supply Phone: 800-766-7043 Website: www.fishersci.com","Nebraska"
"Fisher Scientific Local Reps, Regional Stock  NHUSA","Dealer Type: Lab + Industrial Supply Phone: 800-766-7044 Website: www.fishersci.com","New Hampshire"
"Fisher Scientific Local Reps, Regional Stock  NJUSA","Dealer Type: Lab + Industrial Supply Phone: 800-766-7046 Website: www.fishersci.com","New Jersey"
"Fisher Scientific Local Reps, Regional Stock  NMUSA","Dealer Type: Lab + Industrial Supply Phone: 800-766-7047 Website: www.fishersci.com","New Mexico"
"Fisher Scientific Local Reps, Regional Stock  NVUSA","Dealer Type: Lab + Industrial Supply Phone: 800-766-7048 Website: www.fishersci.com","Nevada"
"Fisher Scientific Local Reps, Regional Stock  NYUSA","Dealer Type: Lab + Industrial Supply Phone: 800-766-7050 Website: www.fishersci.com","New York"
"Fisher Scientific Local Reps, Regional Stock  OHUSA","Dealer Type: Lab + Industrial Supply Phone: 800-766-7023 Website: www.fishersci.com","Ohio"
"Fisher Scientific Local Reps, Regional Stock  OKUSA","Dealer Type: Lab + Industrial Supply Phone: 800-766-7028 Website: www.fishersci.com","Oklahoma"
"Fisher Scientific Local Reps, Regional Stock  ORUSA","Dealer Type: Lab + Industrial Supply Phone: 800-766-7033 Website: www.fishersci.com","Oregon"
"Fisher Scientific Local Reps, Regional Stock  PAUSA","Dealer Type: Lab + Industrial Supply Phone: 800-766-7001 Website: www.fishersci.com","Pennsylvania"
"Fisher Scientific Local Reps, Regional Stock  RIUSA","Dealer Type: Lab + Industrial Supply Phone: 800-766-7041 Website: www.fishersci.com","Rhode Island"
"Fisher Scientific Local Reps, Regional Stock  SCUSA","Dealer Type: Lab + Industrial Supply Phone: 800-766-7026 Website: www.fishersci.com","South Carolina"
"Fisher Scientific Local Reps, Regional Stock  SDUSA","Dealer Type: Lab + Industrial Supply Phone: 800-766-7024 Website: www.fishersci.com","South Dakota"
"Fisher Scientific Local Reps, Regional Stock  TNUSA","Dealer Type: Lab + Industrial Supply Phone: 800-766-7022 Website: www.fishersci.com","Tennessee"
"Fisher Scientific Local Reps, Regional Stock  VAUSA","Dealer Type: Lab + Industrial Supply Phone: 800-766-7019 Website: www.fishersci.com","Virginia"
"Fisher Scientific Local Reps, Regional Stock  VTUSA","Dealer Type: Lab + Industrial Supply Phone: 800-766-7018 Website: www.fishersci.com","Vermont"
"Fisher Scientific Local Reps, Regional Stock  WAUSA","Dealer Type: Lab + Industrial Supply Phone: 800-766-7025 Website: www.fishersci.com","Washington"
"Fisher Scientific Local Reps, Regional Stock  WVUSA","Dealer Type: Lab + Industrial Supply Phone: 800-766-7031 Website: www.fishersci.com","West Virginia"
"Fisher Scientific Local Reps, Regional Stock  WYUSA","Dealer Type: Lab + Industrial Supply Phone: 800-766-7032 Website: www.fishersci.com","Wyoming"
"Fisher Scientific Local Reps, Regional Stock AKUSA","Dealer Type: Lab + Industrial Supply Phone: 800-766-7035 Website: www.fishersci.com","Alaska"
"Fisher Scientific Local Reps, Regional Stock AZUSA","Dealer Type: Lab + Industrial Supply Phone: 800-766-7038 Website: www.fishersci.com","Arizona"
"Fisher Scientific V  WIUSA","Dealer Type: Lab + Industrial Supply Phone: 800-766-7030 Website: www.fishersci.com","Wisconsin"
"Fisher Scientific  Local Reps, Regional Stock TXUSA","Dealer Type: Lab + Industrial Supply Phone: 800-766-7021 Website: www.fishersci.com","Texas"
"Fisher Scientific  Local Reps, Regional Stock UTUSA","Dealer Type: Lab + Industrial Supply Phone: 800-766-7020 Website: www.fishersci.com","Utah"
"Fisher Scientific  Local Reps, Regional StockALUSA","Dealer Type: Lab + Industrial Supply Phone: 800-766-7036 Website: www.fishersci.com","Alabama"
"Flinn Scientific Inc. P.O. Box 219 Batavia, IL 60510USA","Dealer Type: Lab Supply Phone: 630-389-3899 Fax: 630-8799024","Illinois"
"Forestry Suppliers Inc. P.O. Box 8397 Jackson, MS 39284USA","Dealer Type: Lab Supply Phone: 601-354-3565 Fax: 601-3554123","Mississippi"
"Frham Safety Products, Inc.P.O. Box 101177 Nashville, TN 37224USA","Dealer Type: Industrial Supply Phone: 615-254-0841 Fax: 615-726-2514","Tennessee"
"FULLER SUPPLY CO 1958 TURNER AVE NW GRAND RAPIDS, MI 49504USA","Dealer Type: Industrial Supply Phone: 616-364-8455 Fax: 616-364-4817","Michigan"
"General Laboratory Supply P.O. Box 7120 Pasadena, TX 77508USA","Dealer Type: Lab Supply Phone: 281-487-0633 Fax: 281-4875138 Website: www.generalsupply.com","Texas"
"Geotech Environmental Equipment, Inc. 8035 East 40th Avenue Denver, CO 80207USA","Dealer Type: Lab + Environmental Supply Phone: 303-320-4764 Fax: 303-322-7242","Colorado"
"Gill Podiatry  7803 Freeway Circle Middlesburg Heights, OH 44130USA","Dealer Type: Medical Supply Phone: 440-243-3700","Ohio"
"Glove & Safety People  625 Jersey Avenue New Brunswick, NJ 08901USA","Dealer Type: Lab + Industrial Supply Phone: 732-220-6800 Fax: 732-220-1908","New Jersey"
"Green Power Chemical  151 Sparta Stanhope Road Hopatcona, NJ 07843USA","Dealer Type: Lab + Industrial Supply Phone: 800 932 9371 Fax: 973 770 1158 Website: www.greenpowerchemical.com","New Jersey"
"Groundwater Essentials, Inc  56 North Plank Road Suite 1, #279 Newburgh, NY 12550USA","Dealer Type: Lab + Industrial Supply Phone: 845.247.9339 Fax: 845.818.4006 Website: www.groundwateressentials.com","New York"
"Hach Co  100 Dayton Ave. Ames, IA 50010USA","Dealer Type: Lab + Industrial Supply Phone: 515-232-2533 Fax: 515-956-3821","Iowa"
"Hach Co. P.O.Box 389  Loveland, CO 80539USA","Dealer Type: Lab Supply Phone: 515-232-2533 Fax: 515-956-3821","Colorado"
"Hagemeyer North American Caller Service 1819 Alpharetta, GA 30023USA","Dealer Type: Industrial Supply Phone: 612-623-2261 Fax: 612-623-9038","Georgia"
"Hawaii Chemical & Scientific  2363 N. King Street Honolulu, HI 96819USA","Dealer Type: Lab Supply Phone: 808-841-4265 Fax: 808-8421067 Website: www.hawaiiscientific.com","Hawaii"
"Henry Schein, Inc. 135 Buryea Road Melville, NY 11747USA","Dealer Type: Healthcare Supply Phone: 631-843-5500 Fax: 800-329-9109","New York"
"Hole Products  3802 Stewart Avenue Wausau, WI 54401USA","Dealer Type: Lab + Environmental Supply Phone: 888-465-3704 Fax: 715-842-5999","Wisconsin"
"In-Situ, Inc. 221 East Lincoln Avenue Fort Collins, CO 80524USA","Dealer Type: Industrial Supply Phone: 970-498-1561 Fax: 970-498-1519","Colorado"
"Industrial Research P.O. Box 255 Kaysville, UT 84037USA","Dealer Type: Lab Supply Phone: 801-393-0252 Fax: 801-394-4927","Utah"
"Industrial Safety & Supply P.O. Box 330720 West Hartford, CT 06133USA","Dealer Type: Lab + Industrial Supply Phone: 860-233-9881 Fax: 860-236-7603","Connecticut"
"Infolab, Inc. 17400 Hwy 61 North Lyon, MS 38645USA","Dealer Type: Lab Supply Phone: 800-647-8222 Fax: 662-627-1913","Mississippi"
"Infolab, Inc.P.O. Box 1059 Round Rock, TX 78680USA","Dealer Type: Lab Supply Phone: 512-255-7994 Fax: 662-627-9800","Texas"
"Infolab, Inc.P.O. Box 1309 Clarksdale, MS 38614USA","Dealer Type: Lab Supply Phone: 662-627-2283 Fax: 662-627-9800","Mississippi"
"Infolab, Inc.P.O. Box 20047 Greensboro, NC 27406USA","Dealer Type: Lab Supply Phone: 336-272-2874 Fax: 662-627-9800","North Carolina"
"Infolab, Inc.P.O. Box 2050 Ft. Oglethorpe, GA 30742USA","Dealer Type: Lab Supply Phone: 706-861-5046 Fax: 662-627-9800","Georgia"
"Infolab, Inc.P.O. Box 770837 Ocala, FL 34477USA","Dealer Type: Lab Supply Phone: 352-237-9654 Fax: 662-627-9800","Florida"
"Int'l Rubber Distributors, Inc 6440 Norwalk Road, Unit O Medina, OH 44256USA","Dealer Type: Industrial Supply","Ohio"
"Interlab Supply  4200 Research Forest Drive Suite 150 The Woodlands, TX 77381USA","Dealer Type: Industrial Supply Phone: 281-298-9410 Fax: 281-298-9411 Email Address: polyseed@polyseed.com Website: www.polyseed.com","Texas"
"J & H Berge, Inc. 4111 South Clinton Avenue South Plainfeld, NJ 07080USA","Dealer Type: Lab Supply Phone: 908-561-1234 Fax: 908-561-3002 Email Address: Sales@labmartexpress.com Website: www.labmartexpress.com","New Jersey"
"J.H. Young Company Inc.  8 Symington Place Rochester, NY 14611USA","Dealer Type: Exporter Phone: 585-235-7698 Fax: 585-235-7254 Email Address: sales@strongholdwax.com Website: www.strongholdwax.com","New York"
"Jade Scientific, Inc.39103 Warren Rd.,Westland, MI 48185USA","Dealer Type: Lab Supply,Medical, Healthcare, Biomedical, Food ProcessingPhone: 888-207-3775Fax: 734-207-3879Website: www.jadesci.com","Michigan"
"Jade Scientific, IncLocal Reps, Regional StockCTUSA","Dealer Type: Lab Supply,Medical, Healthcare, Biomedical, Food ProcessingPhone: 888-207-3775Website: www.jadesci.com","Connecticut"
"Jade Scientific, IncLocal Reps, Regional StockFLUSA","Dealer Type: Lab Supply,Medical, Healthcare, Biomedical, Food ProcessingPhone: 888-207-3775Website: www.jadesci.com","Florida"
"Jade Scientific, IncLocal Reps, Regional StockGAUSA","Dealer Type: Lab Supply,Medical, Healthcare, Biomedical, Food ProcessingPhone: 888-207-3775Website: www.jadesci.com","Georgia"
"Jade Scientific, IncLocal Reps, Regional StockILUSA","Dealer Type: Lab Supply,Medical, Healthcare, Biomedical, Food ProcessingPhone: 888-207-3775Website: www.jadesci.com","Illinois"
"Jade Scientific, IncLocal Reps, Regional StockIN USA","Dealer Type: Lab Supply,Medical, Healthcare, Biomedical, Food ProcessingPhone: 888-207-3775Website: www.jadesci.com","Indiana"
"Jade Scientific, IncLocal Reps, Regional StockMAUSA","Dealer Type: Lab Supply,Medical, Healthcare, Biomedical, Food ProcessingPhone: 888-207-3775Website: www.jadesci.com","Massachusetts"
"Jade Scientific, IncLocal Reps, Regional StockNCUSA","Dealer Type: Lab Supply,Medical, Healthcare, Biomedical, Food ProcessingPhone: 888-207-3775Website: www.jadesci.com","North Carolina"
"Jade Scientific, IncLocal Reps, Regional StockNJUSA","Dealer Type: Lab Supply,Medical, Healthcare, Biomedical, Food ProcessingPhone: 888-207-3775Website: www.jadesci.com","New Jersey"
"Jade Scientific, IncLocal Reps, Regional StockOHUSA","Dealer Type: Lab Supply,Medical, Healthcare, Biomedical, Food ProcessingPhone: 888-207-3775Website: www.jadesci.com","Ohio"
"Jade Scientific, IncLocal Reps, Regional StockPAUSA","Dealer Type: Lab Supply,Medical, Healthcare, Biomedical, Food ProcessingPhone: 888-207-3775Website: www.jadesci.com","Pennsylvaia"
"Jade Scientific, IncLocal Reps, Regional StockSCUSA","Dealer Type: Lab Supply,Medical, Healthcare, Biomedical, Food ProcessingPhone: 888-207-3775Website: www.jadesci.com","South Carolina"
"Jade Scientific, IncLocal Reps, Regional StockWIUSA","Dealer Type: Lab Supply,Medical, Healthcare, Biomedical, Food ProcessingPhone: 888-207-3775Website: www.jadesci.com","Wisconsin"
"Janeice Products Company P.O. Box 821 Clearwater, SC 29822USA","Dealer Type: Lab Supply Phone: 803-652-3025 Fax: 803-652-3026","South Carolina"
"Joseph G. Pollard Co., Inc. 200 Atlantic Avenue New Hyde Park, NY 11040USA","Dealer Type: Lab + Environmental Supply Phone: 800-437-1146 Fax: 516-746-0852","New York"
"Krackeler Scientific, Inc.P.O. Box 1849 Albany, NY 12201USA","Dealer Type: Lab + Healthcare Supply Phone: 800-334-7725 Fax: 518-462-6011 Email Address: office@krackeler.com Website: www.krackeler.com","New York"
"Krackeler SouthEast Scientific P.O. Box 11326 Durham, NC 27703USA","Dealer Type: Lab Supply Phone: 919-572-1783 Fax: 919-806-2814 Website: www.ksesci.com","North Carolina"
"KTEC Equipment & Supplies, Inc. 1700 West Drake Drive Suite 4 Tempe, AZ 85283USA","Dealer Type: Industrial Supply Phone: 480-839-0003 Fax: 480-839-2929 Email Address: stan.pierce@ktecdirect.com Website: www.ktecdirect.com","Arizona"
"Lab Safety Supply  P.O. Box 1368 Janesville, WI 53546 USA","Dealer Type: Lab SupplyPhone: 800-356-0783Fax: 800-543-9910Website: www.labsafety.com","Wisconsin"
"Laboratory Sales & Service LLC10 County Line Rd – Suite 22Branchburg, NJ08876","Dealer Type: Lab + Industrial SupplyPhone:  908-231-1160Fax:  908-231-1168Email Address: lgodley@laboratorysales.netWebsite: www.laboratorysales.net","New Jersey"
"Labtek Inc.3890 East Paris Ave Ste 28Grand Rapids Mich 49512","Dealer Type:  Lab supplyPhone: 616 333 2369Email: sales@labtekinc.comWebsite: www.labtekinc.com","Wisconsin"
"Letco Distributors, Inc.1316 Commerce DriveNw Decatur, AL35601USA","Dealer Type: Lab + Industrial Supply Phone: 256-350-1297 Fax: 256-351-1782 Email Address: ronald.manley@letcoinc.com Website: www.letcoinc.com","Alabama"
"Macalaster Bicknell Co Of NJ P.O. Box 109 Millville, NJ 08332USA","Dealer Type: Lab Supply Phone: 856-825-3222 Fax: 856-825-3375 Email Address: info@macbicnj.com Website: www.macbicnj.com","New Jersey"
"Macalaster Bicknell Co. of CT., Inc. 181 Henry StreetP.O. Box 3257 New Haven, CT 06515USA","Dealer Type: Lab Supply Phone: 203-624-4191 Fax: 203-624-6308 Email Address: mbcoct@mbcoct.com Website: www.mbcoct.com","Connecticut"
"Mallinckrodt Baker  222 Red School Lane Phillipsburg, NJ 08865USA","Dealer Type: Lab + Industrial Supply Phone: 606-987-9329 Fax: 606-987-9615","New Jersey"
"Mass Surgical 249 High Street Holyoke, MA 01040USA","Dealer Type: Healthcare Supply Phone: 413-532-1401 Fax: 413-532-1128","Massachusetts"
"Mays Chemical Company, Inc. 5611 East 71st Street Indianapolis, IN 46250USA","Dealer Type: Industrial Supply Phone: 317-842-8722 Fax: 317-577-3735 Email Address: kristing@mayschem.com Website: www.mayschem.com","Indiana"
"Mckesson General Medical  8741 Landmark Rd Richmond, VA 23228USA","Dealer Type: Healthcare Supply Phone: 804-264-7796 Fax: 804-261-4455 Contact: https://mms.mckesson.com/contact-us","Virginia"
"McMaster Carr Supply Company P.O. Box 5516 Chicago, IL 60680USA","Dealer Type: Industrial Supply Phone: 630-834-9600 Fax: 630-834-0556","Illinois"
"Mercedes Medical, Inc. 7590 Commerce Court Sarasota, FL 34243USA","Dealer Type: Healthcare Supply Phone: 941-355-3333 Fax: 941-359-8805","Florida"
"MG Scientific, Inc. 8500 107th St. Pleasant Prairie, WI 53158USA","Dealer Type: Lab Supply Phone: 800-343-8338 Fax: 262-947-7007 Email Address:customerservice@mgscientific.com Website: www.mgscientific.com","Wisconsin"
"Midland Scientific Inc.10651 Chandler Road Suite 102La Vista, NE 68128USA","Dealer Type: Lab Supply Phone: 402-346-8352 Fax: 402-346-7694 Email Address: info@midlandsci.com Website: www.midlandsci.com","Nebraska"
"Midland Scientific, Inc  3250 Oakland Street Aurora, CO 80010USA","Dealer Type: Industrial Supply Phone: 8006455263 Website: www.midlandsci.com","Colorado"
"Midland Scientific, Inc. 4616 Kimmel DriveP.O. Box 3723 Davenport, IA 52808USA","Dealer Type: Lab Supply Phone: 563-323-1889 Fax: 563-323-0739 Email Address: iowa@midlandsci.com Website: www.midlandsci.com","Iowa"
"Midwest Scientific  280 Vance Road Valley Park, MO 63088USA","Dealer Type: Lab + Industrial Supply Phone: 314-225-9997 Fax: 314-225-9998","Missouri"
"Mohawk Hospital Equipment, Inc. 335 Columbia Street Utica, NY 13503USA","Dealer Type: Healthcare Supply Phone: 315-797-0570 Fax: 315-797-0365","New York"
"Moore Medical  389 John Downey DriveP.O. Box 1500 New Britain, CT 06050USA","Dealer Type: Medical Supply Phone: 800-234-1464 Fax: 800-944-6667 Website: www.mooremedical.com","Connecticut"
"Nasco 901 Janesville AvenueP.O. Box 901 Fort Atkinson, WI 53538USA","Dealer Type: Lab + Environmental Supply Phone: 920-563-2446 Fax: 920-563-8296 Email Address: info@enasco.com Website: www.enasco.com","Wisconsin"
"Nasco West  4825 Stoddard RoadP.O. Box 3837 Modesto, CA 95356USA","Dealer Type: Lab Supply Phone: 209-545-1600 Fax: 209-545-3670 Website: www.enasco.com","California"
"NCI7125 Northland Terrace N.Suite 100Brooklyn Park, MN 55428","Dealer Type: Lab + Medical DevicePhone: (763) 559-3354www.nciclean.com","Minnesota"
"NCL of Wisconsin, Inc.P.O. Box 8 Birnamwood, WI 54414USA","Dealer Type: Lab Supply Phone: 715-449-2673 Fax: 715-449-2454 Email Address: Sales@nclabs.com Website: www.nclabs.com","Wisconsin"
"Nelson-Jameson, Inc. 568 Grange Lane Bld, 4 Twin Falls, ID 83301USA","Dealer Type: Lab + Industrial Supply Email Address: Staff@NelsonJameson.com Website: www.nelsonjameson.com","Idaho"
"Nelson-Jameson, Inc.P.O. Box 1609 Turlock, CA 95381USA","Dealer Type: Lab + Industrial Supply Email Address: Staff@NelsonJameson.com Website: www.nelsonjameson.com","California"
"Nelson-Jameson, Inc.P.O. Box 647 Marshfield, WI 54449USA","Dealer Type: Lab + Industrial Supply Phone: 715-387-1151 Fax: 715-387-8746 Email Address: Staff@NelsonJameson.com Website: www.nelsonjameson.com","Wisconsin"
"New England Surgical Center Inc  1174 Park Avenue Cranston, RI 02910USA","Dealer Type: Healthcare Supply Phone: 401-943-9110 Fax: 401-944-0240","Rhode Island"
"Noland Company  2700 Warwick Blvd. Newport News, VA 23607USA","Dealer Type: Lab + Environmental Supply Phone: 800-554-8662 Fax: 703-634-5238","Virginia"
"Nurnberg Scientific  6310 SW Virginia Ave Portland, OR 97239USA","Dealer Type: Lab Supply Phone: 503-246-8297 Fax: 503-246-0360 Email Address: sales@nurnberg.com Website: www.nurnberg.com","Oregon"
"P.S.S.  5600 Jefferson Highway W4 Suite 150 New Orleans, LA 70123USA","Dealer Type: Healthcare Supply Phone: 504-733-0223 Fax: 504-733-4511","Louisiana"
"Park Surgical Co. Inc  5001 New Utreicht Avenue Brooklyn, NY 11219USA","Dealer Type: Healthcare Supply Phone: 718-436-9200 Fax: 718-854-2431 Email Address: parksurgical.com Website: www.parksurgical.com","New York"
"Patterson Dental Company (SC)  925 Carolina Pines Drive Suite A Blythewood, SC 29016USA","Dealer Type: Healthcare Supply Phone: 651-686-1768","South Carolina"
"Patterson Dental Supply  1835 Freedom Road LancasterPA 17601USA","Dealer Type: Healthcare Supply Phone: 651-686-1800 Fax: 651-686-9331","Pennsylvania"
"PCI Scientific Supply, Inc. 41 Plymouth Street Fairfield, NJ 07004USA","Dealer Type: Lab Supply Phone: 973-244-9002 Fax: 973-244-9448 Website: www.pciscientificsupply.com","New Jersey"
"Penn Veterinary Supply, Inc. 53 Industrial Circle LancasterPA 17601USA","Dealer Type: Veterinary Supply Phone: 717656-4121 Fax: 717-656-4644","Pennsylvania"
"Preiser Scientific, Inc. 94 Oliver Street St. Albans, WV 25177USA","Dealer Type: Lab Supply Phone: 502-636-3307 Fax: 502-635-5377 Email Address: preiser@aye.net","West Virginia"
"Production Automation Corp10018 Lower Azusa Rd bEl Monte, CA 91731USA","Dealer Type: Lab Supply, Medical, Healthcare, Biomedical, Electronics, Entertainment, Industrial, Manufacturing, TechnologyPhone: (408) 398-9822https://www.gotopac.com/","California"
"PSC Pacific Star Corporation4350 South Wayside Dr. Ste 106Larado TX, 77087USA","Dealer Type: LabPhone: 713-527-0889Email Address: support@pfstar.com","Texas"
"Research Products Int'l Corp. 410 North Business Center Drive Mount Prospect, IL 60056USA","Dealer Type: Lab Supply Phone: 847-635-7330 Fax: 847-635-1177 Email Address: service@rpicorp.com Website: www.rpicorp.com","Illinois"
"Romanoff Int'l Supply Corp. 9 Deforest Street Amityville, NY 11701USA","Dealer Type: Industrial Supply Phone: 631-842-2400 Fax: 631-842-0028","New York"
"School Specialty P.O. Box 1017 Appleton, WI 54912USA","Dealer Type: Lab Supply Phone: 419-589-1426","Wisconsin"
"Scientific Equipment Co. 15 Kent Road AstonPA 19014USA","Dealer Type: Lab Supply Phone: 610-358-2855 Fax: 610-558-1475 Email Address: info@seco.us","Pennsylvania"
"Seneca Medical, Inc. P. O. Box 12689 Knoxville, TN 37912USA","Dealer Type: Healthcare Supply Phone: 800-762-7324","Tennessee"
"Sigma Aldrich 3050 Spruce StreetP.O. Box 14508 St. Louis, MO 63103USA","Dealer Type: Lab + Pharmaceutical Supply Phone: 800-521-8956 Fax: 800-325-5052 Email Address: aldstsv@sial.com Website: www.sigma-aldrich.com","Missouri"
"Sovereign Scientific, Inc. 5050 Biscayne Blvd. 2nd Floor Miami, FL 33137USA","Dealer Type: Exporter Phone: 305-757-8000 Fax: 305-751-1002 Email Address: Willie@Sovnet.com","Florida"
"Spectrum Chemical14422 San Pedro St,Gardena, CA 9024USA","Dealer Type: Lab and Industrial SupplyPhone: (310) 516-8000Email: sales@spectrumchemical.comwebsite: www.spectrumchemical.com","California"
"SPI Supplies Div. Of Structure Probe, Inc.P.O. Box 656 West ChesterPA 19381USA","Dealer Type: Lab + Industrial Supply Phone: 610-436-5400 Fax: 610-436-5755 Website: www.2spi.com","Pennsylvania"
"TATSoul315 Cloverleaf DR Ste KBaldwin Park, CA 91706USA","Dealer Type: Tattoo SupplyPhone: 213-768-5643Email: christophero@tatsoul.com","California"
"Techni-Tool P.O. Box 1117 WorcesterPA 19490USA","Dealer Type: Industrial Supply Phone: 610-941-2400 Fax: 610-828-5623","Pennsylvania"
"Tek Products, Inc. 2435 West Industrial Blvd. P.O. Box 547 longlake, MN 55356USA","Dealer Type: Lab + Industrial Supply Phone: 952-933-4444 Fax: 952-933-4448","Minnesota"
"Texas Electrolysis Supply 16627 Sealark RD. Houston, TX 77062USA","Dealer Type: Tattoo Supply Phone: 281-486-5617 Fax: 281-486-7306 Email Address: heimlich@eu1.net Website: www.texaselectrolysissuppl.com","Texas"
"Thermal Scientific P.O. Box 314 Odessa, TX 79760USA","Dealer Type: Lab Supply Phone: 800-826-4486 Fax: 432-337-2417 Email Address:cust.service@thermalscientific.com Website: www.thermalscientific.com","Texas"
"Thomas Scientific 1654 High Hill RoadP.O. Box 99 Swedesboro, NJ 08085USA","Dealer Type: Lab + Industrial Supply Phone: 856-467-2000 Fax: 856-467-3087 Email Address: Value@thomassci.com Website: www.thomassci.com","New Jersey"
"Toney Drilling Supply, Inc. 14060 Nw 19Th Avenue Miami, FL 33054USA","Dealer Type: Lab + Industrial Supply Phone: 305-685-2453 Fax: 305-685-3932 Website: www.toneydrilling.com","Florida"
"Toney Drilling Supply, Inc. 1901 Halethorpe Avenue Baltimore, MD 21227USA","Dealer Type: Lab + Industrial Supply Phone: 410-242-1111 Fax: 410-242-4908 Website: www.toneydrilling.com","Maryland"
"Toney Drilling Supply, Inc. 3852 L. B. Mcleod Road Orlando, FL 32805USA","Dealer Type: Lab + Industrial Supply Phone: 407-423-3641 Fax: 407-649-8685 Website: www.toneydrilling.com","Florida"
"TTT Environmental Instruments and Supplies 4201 B StreetAnchorageAK  99503USA","Dealer Type: Lab Supply Phone: 907-770-9041 Fax: 907-770-9046 Email Address: info@tttenviro.com Website: www.tttenviro.com","Alaska"
"Unimax  15960-A Downey Avenue Paramount, CA 90723USA","Dealer Type: Tattoo Supply Phone: 562-529-8997 Fax: 562-529-8996","California"
"Unimax Supply  269 Canal Street 2nd floor New York, NY 10013USA","Dealer Type: Tattoo Supply Phone: 212-925-1051 Fax: 212-925-7424 Email Address: unimax@unimaxsupply.com","New York"
"Unimed Corp  21875 Grenada Ave. Lakeville, MN 55044USA","Dealer Type: healthcare, lab safety Phone: 800 347 9023 Fax: 952 469 9490 Website: www.unimedcorp.com","Minnesota"
"Unisource  8150 Nw 76Th Avenue Miami, FL 33166USA","Dealer Type: Healthcare Supply Phone: 800-483-1991 Website: www.unisourcelink.com","Florida"
"United Tattoo  2 Village Turn LevittownPA 19054USA","Dealer Type: Tattoo Supply Phone: 215-946-2853","Pennsylvania"
"USABluebook  3781 Bur Wood Drive Waukegan, IL 60085USA","Dealer Type: Lab + Environmental Supply Phone: 8005481234 Fax: 8476893030 Email Address: catalog1@usabluebook.com Website: www.usabluebook.com","Illinois"
"Vaughn Bowen Co., Inc. 1613 Monrovia Avenue Costa Mesa, CA 92627USA","Dealer Type: Lab + Industrial Supply Phone: 949-548-3988 Fax: 949-548-3799 Email Address: vbowenco@sbcyahoo.net","California"
"Voss Technologies Inc. P.O. Box 33238 San Antonio, TX 78265USA","Dealer Type: Industrial Supply Phone: 210-650-3124","Texas"
"VWR International 1050 Satelite Blvd Nw Suwanee, GA 30174USA","Dealer Type: Lab + Industrial Supply Phone: 800-932-5000 Email; technicalproductSupportNA@vwr.com Website: us.vwr.com","Georgia"
"VWR International 1310 Goshen Parkway West Chester, PA 19380USA","Dealer Type: Lab + Industrial Supply Phone: 800-932-5000 Email Addres: technicalproductSupportNA@vwr.com Website: us.vwr.com","Pennsylvania"
"VWR International Local Reps, Regional StockAKUSA","Dealer Type: Lab + Industrial Supply Phone: 800-932-5000 Email Addres: technicalproductSupportNA@vwr.com Website: us.vwr.com","Alaska"
"VWR International Local Reps, Regional StockALUSA","Dealer Type: Lab + Industrial Supply Phone: 800-932-5000 Email Addres: technicalproductSupportNA@vwr.com Website: us.vwr.com","Alabama"
"VWR International Local Reps, Regional StockARUSA","Dealer Type: Lab + Industrial Supply Phone: 800-932-5000 Email Addres: technicalproductSupportNA@vwr.com Website: us.vwr.com","Arkansas"
"VWR International Local Reps, Regional StockAZUSA","Dealer Type: Lab + Industrial Supply Phone: 800-932-5000 Email Addres: technicalproductSupportNA@vwr.com Website: us.vwr.com","Arizona"
"VWR International Local Reps, Regional StockCAUSA","Dealer Type: Lab + Industrial Supply Phone: 800-932-5000 Email Addres: technicalproductSupportNA@vwr.com Website: us.vwr.com","California"
"VWR International Local Reps, Regional StockDCUSA","Dealer Type: Lab + Industrial Supply Phone: 800-932-5000Email Address: technicalproductSupportNA@vwr.com Website: us.vwr.com","Connecticut"
"VWR International P.O. Box 259 Bridgeport, NJ 08014USA","Dealer Type: Industrial Supply Phone: 415-468-7150 Fax: 415-330-7791","New Jersey"
"VWR International P.O. Box 590 Bridgeport, NJ 08014USA","Dealer Type: Lab + Industrial Supply Phone: 800-932-5000 Email Addres: technicalproductSupportNA@vwr.com Website: us.vwr.com","New Jersey"
"VWR InternationalLocal Reps, Regional Stock DEUSA","Dealer Type: Lab + Industrial Supply Phone: 800-932-5000 Email Addres: technicalproductSupportNA@vwr.com Website: us.vwr.com","Delaware"
"VWR InternationalLocal Reps, Regional Stock NDUSA","Dealer Type: Lab + Industrial Supply Phone: 800-932-5000 Email Addres: technicalproductSupportNA@vwr.com Website: us.vwr.com","North Dakota"
"VWR InternationalLocal Reps, Regional Stock FLUSA","Dealer Type: Lab + Industrial Supply Phone: 800-932-5000 Email Addres: technicalproductSupportNA@vwr.com Website: us.vwr.com","Florida"
"VWR InternationalLocal Reps, Regional Stock HIUSA","Dealer Type: Lab + Industrial Supply Phone: 800-932-5000 Email Addres: technicalproductSupportNA@vwr.com Website: us.vwr.com","Hawaii"
"VWR InternationalLocal Reps, Regional Stock IAUSA","Dealer Type: Lab + Industrial Supply Phone: 800-932-5000 Email Addres: technicalproductSupportNA@vwr.com Website: us.vwr.com","Iowa"
"VWR InternationalLocal Reps, Regional Stock IDUSA","Dealer Type: Lab + Industrial Supply Phone: 800-932-5000 Email Addres: technicalproductSupportNA@vwr.com Website: us.vwr.com","Idaho"
"VWR InternationalLocal Reps, Regional Stock ILUSA","Dealer Type: Lab + Industrial Supply Phone: 800-932-5000 Email Addres: technicalproductSupportNA@vwr.com Website: us.vwr.com","Illinois"
"VWR InternationalLocal Reps, Regional Stock INUSA","Dealer Type: Lab + Industrial Supply Phone: 800-932-5000 Email Addres: technicalproductSupportNA@vwr.com Website: us.vwr.com","Indiana"
"VWR InternationalLocal Reps, Regional Stock KSUSA","Dealer Type: Lab + Industrial Supply Phone: 800-932-5000 Email Addres: technicalproductSupportNA@vwr.com Website: us.vwr.com","Indiana"
"VWR InternationalLocal Reps, Regional Stock KYUSA","Dealer Type: Lab + Industrial Supply Phone: 800-932-5000 Email Addres: technicalproductSupportNA@vwr.com Website: us.vwr.com","Kentucky"
"VWR InternationalLocal Reps, Regional Stock LAUSA","Dealer Type: Lab + Industrial Supply Phone: 800-932-5000 Email Addres: technicalproductSupportNA@vwr.com Website: us.vwr.com","Louisiana"
"VWR InternationalLocal Reps, Regional Stock MAUSA","Dealer Type: Lab + Industrial Supply Phone: 800-932-5000 Email Addres: technicalproductSupportNA@vwr.com Website: us.vwr.com","Massachusetts"
"VWR InternationalLocal Reps, Regional Stock MDUSA","Dealer Type: Lab + Industrial Supply Phone: 800-932-5000 Email Addres: technicalproductSupportNA@vwr.comWebsite: us.vwr.com","Maryland"
"VWR InternationalLocal Reps, Regional Stock MIUSA","Dealer Type: Lab + Industrial Supply Phone: 800-932-5000 Email Addres: technicalproductSupportNA@vwr.com Website: us.vwr.com","Michigan"
"VWR InternationalLocal Reps, Regional Stock MNUSA","Dealer Type: Lab + Industrial Supply Phone: 800-932-5000 Email Addres: technicalproductSupportNA@vwr.com Website: us.vwr.com","Minnesota"
"VWR InternationalLocal Reps, Regional Stock MSUSA","Dealer Type: Lab + Industrial Supply Phone: 800-932-5000 Email Addres: technicalproductSupportNA@vwr.com Website: us.vwr.com","Mississippi"
"VWR InternationalLocal Reps, Regional Stock MTUSA","Dealer Type: Lab + Industrial Supply Phone: 800-932-5000 Email Addres: technicalproductSupportNA@vwr.com Website: us.vwr.com","Montana"
"VWR InternationalLocal Reps, Regional Stock NEUSA","Dealer Type: Lab + Industrial Supply Phone: 800-932-5000 Email Addres: technicalproductSupportNA@vwr.com Website: us.vwr.com","Nebraska"
"VWR InternationalLocal Reps, Regional Stock NMUSA","Dealer Type: Lab + Industrial Supply Phone: 800-932-5000 Email Addres: technicalproductSupportNA@vwr.com Website: us.vwr.com","New Mexico"
"VWR InternationalLocal Reps, Regional Stock OHUSA","Dealer Type: Lab + Industrial Supply Phone: 800-932-5000 Email Addres: technicalproductSupportNA@vwr.com Website: us.vwr.com","Ohio"
"VWR InternationalLocal Reps, Regional Stock OKUSA","Dealer Type: Lab + Industrial Supply Phone: 800-932-5000 Email Addres: technicalproductSupportNA@vwr.com Website: us.vwr.com","Oklahoma"
"VWR InternationalLocal Reps, Regional Stock ORUSA","Dealer Type: Lab + Industrial Supply Phone: 800-932-5000 Email Addres: technicalproductSupportNA@vwr.com Website: us.vwr.com","Oregon"
"VWR InternationalLocal Reps, Regional Stock RIUSA","Dealer Type: Lab + Industrial Supply Phone: 800-932-5000 Email Addres: technicalproductSupportNA@vwr.com Website: us.vwr.com","Rhode Island"
"VWR InternationalLocal Reps, Regional Stock SDUSA","Dealer Type: Lab + Industrial Supply Phone: 800-932-5000 Email Addres: technicalproductSupportNA@vwr.com Website: us.vwr.com","South Dakota"
"VWR InternationalLocal Reps, Regional Stock TNUSA","Dealer Type: Lab + Industrial Supply Phone: 800-932-5000 Email Addres: technicalproductSupportNA@vwr.com Website: us.vwr.com","Tennessee"
"VWR InternationalLocal Reps, Regional Stock TXUSA","Dealer Type: Lab + Industrial Supply Phone: 800-932-5000 Email Addres: technicalproductSupportNA@vwr.com Website: us.vwr.com","Texas"
"VWR InternationalLocal Reps, Regional Stock UTUSA","Dealer Type: Lab + Industrial Supply Phone: 800-932-5000 Email Addres: technicalproductSupportNA@vwr.com Website: us.vwr.com","Utah"
"VWR InternationalLocal Reps, Regional Stock VAUSA","Dealer Type: Lab + Industrial Supply Phone: 800-932-5000 Email Addres: technicalproductSupportNA@vwr.com Website: us.vwr.com","Virginia"
"VWR InternationalLocal Reps, Regional Stock WAUSA","Dealer Type: Lab + Industrial Supply Phone: 800-932-5000 Email Addres: technicalproductSupportNA@vwr.com Website: us.vwr.com","Washington"
"VWR InternationalLocal Reps, Regional Stock WIUSA","Dealer Type: Lab + Industrial Supply Phone: 800-932-5000 Email Addres: technicalproductSupportNA@vwr.com Website: us.vwr.com","Wisconsin"
"VWR InternationalLocal Reps, Regional Stock WVUSA","Dealer Type: Lab + Industrial Supply Phone: 800-932-5000 Email Addres: technicalproductSupportNA@vwr.com Website: us.vwr.com","West Virginia"
"VWR InternationalLocal Reps, Regional StockCOUSA","Dealer Type: Lab + Industrial Supply Phone: 800-932-5000 Email Addres: technicalproductSupportNA@vwr.com Website: us.vwr.com","Colorado"
"VWR InternationalLocal Reps, Regional StockMEUSA","Dealer Type: Lab + Industrial Supply Phone: 800-932-5000 Email Addres: technicalproductSupportNA@vwr.com Website: us.vwr.com","Maine"
"VWR InternationalLocal Reps, Regional StockMOUSA","Dealer Type: Lab + Industrial Supply Phone: 800-932-5000 Email Addres: technicalproductSupportNA@vwr.com Website: us.vwr.com","Missouri"
"VWR InternationalLocal Reps, Regional StockNCUSA","Dealer Type: Lab + Industrial Supply Phone: 800-932-5000 Email Addres: technicalproductSupportNA@vwr.com Website: us.vwr.com","North Carolina"
"VWR InternationalLocal Reps, Regional StockNHUSA","Dealer Type: Lab + Industrial Supply Phone: 800-932-5000 Email Addres: technicalproductSupportNA@vwr.com Website: us.vwr.com","New Hampshire"
"VWR InternationalLocal Reps, Regional StockNVUSA","Dealer Type: Lab + Industrial Supply Phone: 800-932-5000 Email Addres: technicalproductSupportNA@vwr.com Website: us.vwr.com","Nevada"
"VWR InternationalLocal Reps, Regional StockNYUSA","Dealer Type: Lab + Industrial Supply Phone: 800-932-5000 Email Addres: technicalproductSupportNA@vwr.com Website: us.vwr.com","New York"
"VWR InternationalLocal Reps, Regional StockSCUSA","Dealer Type: Lab + Industrial Supply Phone: 800-932-5000 Email Addres: technicalproductSupportNA@vwr.com Website: us.vwr.com","South Carolina"
"VWR InternationalLocal Reps, Regional StockVTUSA","Dealer Type: Lab + Industrial Supply Phone: 800-932-5000 Email Addres: technicalproductSupportNA@vwr.com Website: us.vwr.com","Vermont"
"VWR InternationalLocal Reps, Regional StockWYUSA","Dealer Type: Lab + Industrial Supply Phone: 800-932-5000 Email Addres: technicalproductSupportNA@vwr.com Website: us.vwr.com","Wyoming"
"Weber Scientific  2732 Kuser Road Hamilton, NJ 08691USA","Dealer Type: Lab + Industrial Supply Phone: 609-584-7677 Fax: 609-584-8388 Email Address: info@weberscientific.com Website: www.weberscientific.com","New Jersey"
"Wilkem Scientific P.O. Box 301 Pawtucket, RI 02862USA","Dealer Type: Lab + Industrial Supply Phone: 401-723-1840 Fax: 401-723-8760","Rhode Island"
"Wilkens Anderson  4525 West Division St Chicago, IL 60651USA","Dealer Type: Lab + Industrial Supply Phone: 800-847-2222 Website: www.wacolab.com","Illinois"
"Worldwide Janitor  3704 Cleveland Pl. Metairie, LA 70003USA","Dealer Type: Industrial Cleaning Supplies Phone: 888-252-6284 Email Address: sales@worldwidejanitor.com Website: https://worldwidejanitor.com","Louisiana"